proyectoLineaID,servicioFaseID,descripcion,fechaInicio,fechaFin,horas,proyectoID,propuestaLineaID
354,28,,2013-01-01,2013-12-31,48.00,183,\N
355,20,,2013-01-01,2013-12-31,1000.00,184,\N
356,27,,2013-01-01,2013-12-31,100.00,183,\N
357,20,,2013-01-01,2013-12-31,500.00,185,\N
358,27,,2013-01-01,2013-12-31,100.00,186,\N
359,28,,2013-01-01,2013-12-31,48.00,187,\N
360,28,,2013-01-01,2013-12-31,48.00,188,\N
361,1,,2013-01-01,2013-12-31,80.00,189,\N
362,44,,2013-01-01,2013-12-31,48.00,190,\N
363,20,,2013-01-01,2013-12-31,80.00,191,\N
364,20,,2013-01-01,2013-12-31,80.00,192,\N
365,20,,2013-01-01,2013-12-31,90.00,193,\N
366,20,,2013-01-01,2013-12-31,80.00,194,\N
367,20,,2013-01-01,2013-12-31,80.00,195,\N
368,20,,2013-01-01,2013-12-31,80.00,196,\N
369,20,,2013-01-01,2013-12-31,80.00,197,\N
370,20,,2013-01-01,2013-12-31,48.00,198,\N
371,16,,2013-01-01,2013-12-31,6.00,198,\N
372,20,,2013-01-01,2013-12-31,120.00,199,\N
373,16,,2013-01-01,2013-12-31,0.00,199,\N
374,20,,2013-01-01,2013-12-31,80.00,200,\N
375,20,,2013-01-01,2013-12-31,40.00,201,\N
376,27,,2013-01-01,2013-12-31,100.00,202,\N
377,20,,2013-01-01,2013-12-31,60.00,203,\N
378,20,,2013-01-01,2013-12-31,60.00,204,\N
379,20,,2013-01-01,2013-12-31,80.00,205,\N
380,20,,2013-01-01,2013-12-31,80.00,206,\N
381,14,,2013-01-01,2013-12-31,40.00,206,\N
399,64,,2013-01-29,2013-12-31,30.00,211,\N
400,35,,2013-01-29,2013-02-28,10.00,212,\N
401,33,,2013-01-29,2013-02-28,1.00,212,\N
402,52,,2013-01-29,2013-02-28,3.00,212,\N
403,51,,2013-01-29,2013-02-28,5.00,212,\N
404,34,,2013-01-29,2013-02-28,1.00,212,\N
405,64,,2013-01-29,2013-12-31,20.00,213,\N
406,64,,2013-01-29,2013-12-31,20.00,214,\N
407,64,,2013-01-29,2013-12-31,12.50,215,\N
408,35,,2013-01-29,2013-02-28,1.00,216,\N
409,33,,2013-01-29,2013-02-28,14.00,216,\N
410,52,,2013-01-29,2013-02-28,2.00,216,\N
411,51,,2013-01-29,2013-02-28,12.00,216,\N
412,34,,2013-01-29,2013-02-28,2.00,216,\N
413,35,,2013-01-29,2013-02-28,8.00,217,\N
414,33,,2013-01-29,2013-02-28,12.00,217,\N
415,52,,2013-01-29,2013-02-28,5.00,217,\N
416,51,,2013-01-29,2013-02-28,15.00,217,\N
417,34,,2013-01-29,2013-02-28,20.00,217,\N
418,35,,2013-01-29,2013-12-02,10.00,218,\N
419,33,,2013-01-29,2013-12-02,20.00,218,\N
420,52,,2013-01-29,2013-12-02,2.00,218,\N
421,51,,2013-01-29,2013-12-02,6.00,218,\N
422,34,,2013-01-29,2013-12-02,2.00,218,\N
423,52,,2013-01-29,2013-02-28,2.00,219,\N
424,51,,2013-01-29,2013-02-28,2.00,219,\N
425,33,,2013-01-29,2013-02-28,15.00,220,\N
426,52,,2013-01-29,2013-02-28,2.00,220,\N
427,51,,2013-01-29,2013-02-28,10.00,220,\N
428,34,,2013-01-29,2013-02-28,5.00,220,\N
429,35,,2013-01-29,2013-02-28,0.00,221,\N
430,33,,2013-01-29,2013-02-28,0.00,221,\N
431,52,,2013-01-29,2013-02-28,0.00,221,\N
432,51,,2013-01-29,2013-02-28,25.70,221,\N
433,34,,2013-01-29,2013-02-28,5.00,221,\N
434,35,,2013-01-29,2013-02-28,2.00,222,\N
435,33,,2013-01-29,2013-02-28,15.00,222,\N
436,52,,2013-01-29,2013-02-28,2.00,222,\N
437,51,,2013-01-29,2013-02-28,5.00,222,\N
438,34,,2013-01-29,2013-02-28,10.00,222,\N
439,58,,2013-01-29,2013-02-28,1.00,223,\N
440,59,,2013-01-29,2013-02-28,1.00,223,\N
441,55,,2013-01-29,2013-02-28,5.00,224,\N
442,53,,2013-01-29,2013-02-28,10.00,224,\N
443,57,,2013-01-29,2013-02-28,5.00,224,\N
444,54,,2013-01-29,2013-02-28,25.00,224,\N
445,56,,2013-01-29,2013-02-28,25.00,224,\N
446,35,,2013-01-29,2013-04-25,2.00,225,\N
447,33,,2013-01-29,2013-04-25,2.00,225,\N
448,52,,2013-01-29,2013-04-25,1.00,225,\N
449,51,,2013-01-29,2013-04-25,2.00,225,\N
450,34,,2013-01-29,2013-04-25,2.00,225,\N
451,64,,2013-01-29,2013-12-31,50.00,226,\N
452,35,,2013-01-29,2013-04-30,10.00,227,\N
453,33,,2013-01-29,2013-04-30,2.00,227,\N
454,52,,2013-01-29,2013-04-30,1.00,227,\N
455,51,,2013-01-29,2013-04-30,10.00,227,\N
456,34,,2013-01-29,2013-04-30,8.00,227,\N
457,35,,2013-01-29,2013-02-19,1.00,228,\N
458,52,,2013-01-29,2013-02-19,1.00,228,\N
459,51,,2013-01-29,2013-02-19,1.00,228,\N
460,34,,2013-01-29,2013-02-19,2.00,228,\N
461,64,,2013-01-29,2013-12-31,20.00,229,\N
462,69,,2013-01-29,2013-02-28,2.00,230,\N
463,66,,2013-01-29,2013-02-28,2.00,230,\N
464,68,,2013-01-29,2013-02-28,10.00,230,\N
465,64,,2013-01-29,2013-12-31,100.00,231,\N
466,57,,2013-01-29,2013-03-04,10.00,232,\N
467,54,,2013-01-29,2013-03-04,5.00,232,\N
468,56,,2013-01-29,2013-03-04,15.00,232,\N
469,35,,2013-01-29,2013-02-28,0.00,219,\N
470,33,,2013-01-29,2013-02-28,0.00,219,\N
471,34,,2013-01-29,2013-02-28,0.00,219,\N
472,64,,2013-01-29,2014-12-31,30.00,233,\N
473,55,,2013-01-29,2013-03-04,0.00,232,\N
474,53,,2013-01-29,2013-03-04,0.00,232,\N
475,33,,2013-01-29,2013-02-19,0.00,228,\N
476,35,,2013-01-29,2013-02-28,2.00,234,\N
477,33,,2013-01-29,2013-02-28,0.00,234,\N
478,52,,2013-01-29,2013-02-28,0.00,234,\N
479,51,,2013-01-29,2013-02-28,2.00,234,\N
480,34,,2013-01-29,2013-02-28,1.00,234,\N
481,67,,2013-01-29,2013-08-31,0.00,235,\N
482,65,,2013-01-29,2013-08-31,0.00,235,\N
483,69,,2013-01-29,2013-08-31,0.00,235,\N
484,66,,2013-01-29,2013-08-31,5.00,235,\N
485,68,,2013-01-29,2013-08-31,35.00,235,\N
486,35,,2013-01-29,2013-02-28,5.00,236,\N
487,33,,2013-01-29,2013-02-28,2.00,236,\N
488,52,,2013-01-29,2013-02-28,2.00,236,\N
489,51,,2013-01-29,2013-02-28,2.00,236,\N
490,34,,2013-01-29,2013-02-28,1.00,236,\N
491,35,,2013-01-29,2015-12-31,5.00,237,\N
492,33,,2013-01-29,2015-12-31,10.00,237,\N
493,52,,2013-01-29,2015-12-31,5.00,237,\N
494,51,,2013-01-29,2015-12-31,10.00,237,\N
495,34,,2013-01-29,2015-12-31,10.00,237,\N
496,35,,2013-01-29,2013-12-31,8.00,238,\N
497,33,,2013-01-29,2013-12-31,2.00,238,\N
498,52,,2013-01-29,2013-12-31,10.00,238,\N
499,51,,2013-01-29,2013-12-31,25.00,238,\N
500,34,,2013-01-29,2013-12-31,20.00,238,\N
501,35,,2013-01-29,2014-01-24,2.00,239,\N
502,33,,2013-01-29,2014-01-24,5.00,239,\N
503,52,,2013-01-29,2014-01-24,2.00,239,\N
504,51,,2013-01-29,2014-01-24,10.00,239,\N
505,34,,2013-01-29,2014-01-24,20.00,239,\N
506,55,,2013-01-29,2013-11-08,8.00,240,\N
507,53,,2013-01-29,2013-11-08,4.00,240,\N
508,57,,2013-01-29,2013-11-08,10.00,240,\N
509,54,,2013-01-29,2013-11-08,20.00,240,\N
510,56,,2013-01-29,2013-11-08,45.00,240,\N
511,67,,2013-01-29,2013-03-21,2.00,241,\N
512,65,,2013-01-29,2013-03-21,6.00,241,\N
513,69,,2013-01-29,2013-03-21,2.00,241,\N
514,66,,2013-01-29,2013-03-21,10.00,241,\N
515,68,,2013-01-29,2013-03-21,30.00,241,\N
516,35,,2013-01-29,2013-11-30,8.00,242,\N
517,33,,2013-01-29,2013-11-30,14.00,242,\N
518,52,,2013-01-29,2013-11-30,5.00,242,\N
519,51,,2013-01-29,2013-11-30,12.00,242,\N
520,34,,2013-01-29,2013-11-30,8.00,242,\N
526,67,,2013-01-29,2013-03-08,0.00,244,\N
527,65,,2013-01-29,2013-03-08,8.00,244,\N
528,69,,2013-01-29,2013-03-08,2.00,244,\N
529,66,,2013-01-29,2013-03-08,6.00,244,\N
530,68,,2013-01-29,2013-03-08,4.00,244,\N
531,35,,2013-01-29,2013-04-30,15.00,245,\N
532,33,,2013-01-29,2013-04-30,14.00,245,\N
533,52,,2013-01-29,2013-04-30,5.00,245,\N
534,51,,2013-01-29,2013-04-30,12.00,245,\N
535,34,,2013-01-29,2013-04-30,8.00,245,\N
536,67,,2013-01-29,2013-04-30,0.00,246,\N
537,65,,2013-01-29,2013-04-30,25.00,246,\N
538,69,,2013-01-29,2013-04-30,5.00,246,\N
539,66,,2013-01-29,2013-04-30,60.00,246,\N
540,68,,2013-01-29,2013-04-30,5.00,246,\N
541,35,,2013-01-29,2014-09-07,15.00,247,\N
542,33,,2013-01-29,2014-09-07,0.00,247,\N
543,52,,2013-01-29,2014-09-07,5.00,247,\N
544,51,,2013-01-29,2014-09-07,15.00,247,\N
545,34,,2013-01-29,2014-09-07,20.00,247,\N
546,58,,2013-01-29,2013-02-28,20.00,248,\N
547,59,,2013-01-29,2013-02-28,5.00,248,\N
555,67,,2013-01-30,2013-03-01,0.00,251,\N
556,65,,2013-01-30,2013-03-01,0.00,251,\N
557,69,,2013-01-30,2013-03-01,0.00,251,\N
558,66,,2013-01-30,2013-03-01,0.00,251,\N
559,68,,2013-01-30,2013-03-01,8.00,251,\N
560,67,,2013-01-30,2013-02-22,0.00,252,\N
561,65,,2013-01-30,2013-02-22,0.00,252,\N
562,69,,2013-01-30,2013-02-22,0.00,252,\N
563,66,,2013-01-30,2013-02-22,0.00,252,\N
564,68,,2013-01-30,2013-02-22,8.00,252,\N
565,18,,2013-01-01,2013-12-31,0.00,206,\N
566,16,,2013-01-01,2013-12-31,0.00,206,\N
567,13,,2013-01-01,2013-12-31,20.00,206,\N
568,19,,2013-01-01,2013-12-31,40.00,206,\N
569,15,,2013-01-01,2013-12-31,0.00,206,\N
570,70,,2013-01-01,2013-12-31,20.00,206,\N
571,14,,2013-01-01,2013-12-31,0.00,194,\N
572,18,,2013-01-01,2013-12-31,0.00,194,\N
573,16,,2013-01-01,2013-12-31,0.00,194,\N
574,13,,2013-01-01,2013-12-31,0.00,194,\N
575,70,,2013-01-01,2013-12-31,0.00,194,\N
576,19,,2013-01-01,2013-12-31,0.00,194,\N
577,15,,2013-01-01,2013-12-31,0.00,194,\N
578,14,,2013-01-01,2013-12-31,0.00,195,\N
579,18,,2013-01-01,2013-12-31,0.00,195,\N
580,16,,2013-01-01,2013-12-31,0.00,195,\N
581,13,,2013-01-01,2013-12-31,0.00,195,\N
582,70,,2013-01-01,2013-12-31,0.00,195,\N
583,19,,2013-01-01,2013-12-31,0.00,195,\N
584,15,,2013-01-01,2013-12-31,0.00,195,\N
585,14,,2013-01-01,2013-12-31,0.00,196,\N
586,18,,2013-01-01,2013-12-31,0.00,196,\N
587,16,,2013-01-01,2013-12-31,0.00,196,\N
588,13,,2013-01-01,2013-12-31,0.00,196,\N
589,70,,2013-01-01,2013-12-31,0.00,196,\N
590,19,,2013-01-01,2013-12-31,0.00,196,\N
591,15,,2013-01-01,2013-12-31,0.00,196,\N
592,14,,2013-01-01,2013-12-31,0.00,197,\N
593,18,,2013-01-01,2013-12-31,0.00,197,\N
594,16,,2013-01-01,2013-12-31,0.00,197,\N
595,13,,2013-01-01,2013-12-31,0.00,197,\N
596,70,,2013-01-01,2013-12-31,0.00,197,\N
597,19,,2013-01-01,2013-12-31,0.00,197,\N
598,15,,2013-01-01,2013-12-31,0.00,197,\N
599,14,,2013-01-01,2013-12-31,0.00,199,\N
600,18,,2013-01-01,2013-12-31,0.00,199,\N
601,13,,2013-01-01,2013-12-31,10.00,199,\N
602,70,,2013-01-01,2013-12-31,20.00,199,\N
603,19,,2013-01-01,2013-12-31,10.00,199,\N
604,15,,2013-01-01,2013-12-31,8.00,199,\N
605,14,,2013-01-01,2013-12-31,0.00,200,\N
606,18,,2013-01-01,2013-12-31,0.00,200,\N
607,16,,2013-01-01,2013-12-31,0.00,200,\N
608,13,,2013-01-01,2013-12-31,0.00,200,\N
609,70,,2013-01-01,2013-12-31,0.00,200,\N
610,19,,2013-01-01,2013-12-31,0.00,200,\N
611,15,,2013-01-01,2013-12-31,0.00,200,\N
612,14,,2013-01-01,2013-12-31,0.00,201,\N
613,18,,2013-01-01,2013-12-31,0.00,201,\N
614,16,,2013-01-01,2013-12-31,5.00,201,\N
615,13,,2013-01-01,2013-12-31,5.00,201,\N
616,70,,2013-01-01,2013-12-31,10.00,201,\N
617,19,,2013-01-01,2013-12-31,10.00,201,\N
618,15,,2013-01-01,2013-12-31,10.00,201,\N
619,14,,2013-01-01,2013-12-31,0.00,203,\N
620,18,,2013-01-01,2013-12-31,0.00,203,\N
621,16,,2013-01-01,2013-12-31,0.00,203,\N
622,13,,2013-01-01,2013-12-31,10.00,203,\N
623,70,,2013-01-01,2013-12-31,0.00,203,\N
624,19,,2013-01-01,2013-12-31,10.00,203,\N
625,15,,2013-01-01,2013-12-31,10.00,203,\N
626,14,,2013-01-01,2013-12-31,0.00,204,\N
627,18,,2013-01-01,2013-12-31,0.00,204,\N
628,16,,2013-01-01,2013-12-31,0.00,204,\N
629,13,,2013-01-01,2013-12-31,10.00,204,\N
630,70,,2013-01-01,2013-12-31,0.00,204,\N
631,19,,2013-01-01,2013-12-31,10.00,204,\N
632,15,,2013-01-01,2013-12-31,0.00,204,\N
633,14,,2013-01-01,2013-12-31,0.00,205,\N
634,18,,2013-01-01,2013-12-31,0.00,205,\N
635,16,,2013-01-01,2013-12-31,0.00,205,\N
636,13,,2013-01-01,2013-12-31,0.00,205,\N
637,70,,2013-01-01,2013-12-31,0.00,205,\N
638,19,,2013-01-01,2013-12-31,0.00,205,\N
639,15,,2013-01-01,2013-12-31,0.00,205,\N
640,67,,2013-01-30,2013-02-22,0.00,253,\N
641,65,,2013-01-30,2013-02-22,0.00,253,\N
642,69,,2013-01-30,2013-02-22,1.00,253,\N
643,66,,2013-01-30,2013-02-22,2.00,253,\N
644,68,,2013-01-30,2013-02-22,4.00,253,\N
645,35,,2013-01-29,2013-02-28,0.00,220,\N
646,64,,2013-01-30,2013-12-31,20.00,254,\N
647,67,,2013-01-30,2013-12-31,2.00,255,\N
648,65,,2013-01-30,2013-12-31,2.00,255,\N
649,69,,2013-01-30,2013-12-31,2.00,255,\N
650,66,,2013-01-30,2013-12-31,2.00,255,\N
651,68,,2013-01-30,2013-12-31,2.00,255,\N
652,64,,2013-01-30,2013-12-31,36.00,256,\N
653,67,,2013-01-31,2013-03-02,2.00,257,\N
654,65,,2013-01-31,2013-03-02,2.00,257,\N
655,69,,2013-01-31,2013-03-02,2.00,257,\N
656,66,,2013-01-31,2013-03-02,2.00,257,\N
657,68,,2013-01-31,2013-03-02,2.00,257,\N
680,28,,2013-01-01,2013-12-31,48.00,260,\N
681,36,,2013-01-01,2013-12-31,0.00,260,\N
682,27,,2013-01-01,2013-12-31,0.00,260,\N
683,36,,2013-01-01,2013-12-31,0.00,188,\N
684,27,,2013-01-01,2013-12-31,0.00,188,\N
685,36,,2013-01-01,2013-12-31,0.00,187,\N
686,27,,2013-01-01,2013-12-31,0.00,187,\N
687,36,,2013-01-01,2013-12-31,0.00,183,\N
688,67,,2013-02-01,2013-03-03,2.00,261,\N
689,65,,2013-02-01,2013-03-03,2.00,261,\N
690,69,,2013-02-01,2013-03-03,2.00,261,\N
691,66,,2013-02-01,2013-03-03,2.00,261,\N
692,68,,2013-02-01,2013-03-03,2.00,261,\N
693,14,,2013-01-01,2013-12-31,0.00,191,\N
694,18,,2013-01-01,2013-12-31,10.00,191,\N
695,16,,2013-01-01,2013-12-31,0.00,191,\N
696,13,,2013-01-01,2013-12-31,10.00,191,\N
697,70,,2013-01-01,2013-12-31,10.00,191,\N
698,19,,2013-01-01,2013-12-31,10.00,191,\N
699,15,,2013-01-01,2013-12-31,0.00,191,\N
700,14,,2013-01-01,2013-12-31,0.00,193,\N
701,18,,2013-01-01,2013-12-31,10.00,193,\N
702,16,,2013-01-01,2013-12-31,0.00,193,\N
703,13,,2013-01-01,2013-12-31,10.00,193,\N
704,70,,2013-01-01,2013-12-31,0.00,193,\N
705,19,,2013-01-01,2013-12-31,10.00,193,\N
706,15,,2013-01-01,2013-12-31,0.00,193,\N
707,64,,2013-02-05,2013-12-31,10.00,262,\N
708,14,,2013-02-05,2013-12-31,0.00,263,\N
709,18,,2013-02-05,2013-12-31,0.00,263,\N
710,16,,2013-02-05,2013-12-31,0.00,263,\N
711,19,,2013-02-05,2013-12-31,10.00,263,\N
712,13,,2013-02-05,2013-12-31,10.00,263,\N
713,70,,2013-02-05,2013-12-31,0.00,263,\N
714,20,,2013-02-05,2013-12-31,60.00,263,\N
715,15,,2013-02-05,2013-12-31,0.00,263,\N
716,35,,2013-02-05,2013-02-28,0.00,264,\N
717,33,,2013-02-05,2013-02-28,5.00,264,\N
718,52,,2013-02-05,2013-02-28,1.00,264,\N
719,51,,2013-02-05,2013-02-28,5.00,264,\N
720,34,,2013-02-05,2013-02-28,5.00,264,\N
721,64,Mantenimiento,2013-02-08,2013-12-31,10.00,265,\N
722,35,,2013-02-12,2013-03-14,10.00,266,\N
723,33,,2013-02-12,2013-03-14,15.00,266,\N
724,52,,2013-02-12,2013-03-14,5.00,266,\N
725,51,,2013-02-12,2013-03-14,20.00,266,\N
726,34,,2013-02-12,2013-03-14,20.00,266,\N
727,64,,2013-02-12,2013-12-31,10.00,267,\N
728,67,,2013-02-12,2013-03-14,0.00,268,\N
729,65,,2013-02-12,2013-03-14,1.00,268,\N
730,69,,2013-02-12,2013-03-14,0.00,268,\N
731,66,,2013-02-12,2013-03-14,2.00,268,\N
732,68,,2013-02-12,2013-03-14,2.00,268,\N
733,67,,2013-02-13,2014-12-31,2.00,269,\N
734,65,,2013-02-13,2014-12-31,2.00,269,\N
735,69,,2013-02-13,2014-12-31,2.00,269,\N
736,66,,2013-02-13,2014-12-31,2.00,269,\N
737,68,,2013-02-13,2014-12-31,2.00,269,\N
738,14,,2013-01-01,2013-12-31,0.00,192,\N
739,18,,2013-01-01,2013-12-31,10.00,192,\N
740,16,,2013-01-01,2013-12-31,0.00,192,\N
741,13,,2013-01-01,2013-12-31,0.00,192,\N
742,70,,2013-01-01,2013-12-31,10.00,192,\N
743,19,,2013-01-01,2013-12-31,20.00,192,\N
744,15,,2013-01-01,2013-12-31,0.00,192,\N
745,35,,2013-02-15,2013-04-19,20.00,270,\N
746,33,,2013-02-15,2013-04-19,25.00,270,\N
747,52,,2013-02-15,2013-04-19,10.00,270,\N
748,51,,2013-02-15,2013-04-19,20.00,270,\N
749,34,,2013-02-15,2013-04-19,45.00,270,\N
750,60,,2013-02-15,2013-03-22,20.00,271,\N
751,61,,2013-02-15,2013-03-22,5.00,271,\N
752,64,,2013-02-18,2013-12-31,10.00,272,\N
753,62,,2013-02-18,2013-03-20,12.00,273,\N
754,63,,2013-02-18,2013-03-20,2.00,273,\N
755,67,,2013-01-29,2013-02-28,0.00,230,\N
756,65,,2013-01-29,2013-02-28,0.00,230,\N
757,62,,2013-02-18,2013-02-28,20.00,274,\N
758,63,,2013-02-18,2013-02-28,2.00,274,\N
759,64,,2013-02-19,2013-03-21,3.00,275,\N
760,14,,2013-02-19,2013-12-31,0.00,276,\N
761,18,,2013-02-19,2013-12-31,0.00,276,\N
762,16,,2013-02-19,2013-12-31,0.00,276,\N
763,19,,2013-02-19,2013-12-31,10.00,276,\N
764,13,,2013-02-19,2013-12-31,10.00,276,\N
765,70,,2013-02-19,2013-12-31,0.00,276,\N
766,20,,2013-02-19,2013-12-31,60.00,276,\N
767,15,,2013-02-19,2013-12-31,0.00,276,\N
768,62,,2013-02-19,2013-04-25,40.00,277,\N
769,63,,2013-02-19,2013-04-25,8.00,277,\N
770,35,,2013-02-19,2014-06-30,8.00,278,\N
771,33,,2013-02-19,2014-06-30,10.00,278,\N
772,52,,2013-02-19,2014-06-30,5.00,278,\N
773,51,,2013-02-19,2014-06-30,10.00,278,\N
774,34,,2013-02-19,2014-06-30,10.00,278,\N
775,67,,2013-02-21,2013-03-23,2.00,279,\N
776,65,,2013-02-21,2013-03-23,2.00,279,\N
777,69,,2013-02-21,2013-03-23,2.00,279,\N
778,66,,2013-02-21,2013-03-23,2.00,279,\N
779,68,,2013-02-21,2013-03-23,2.00,279,\N
780,67,,2013-02-25,2013-10-17,0.00,280,\N
781,65,,2013-02-25,2013-10-17,10.00,280,\N
782,69,,2013-02-25,2013-10-17,0.00,280,\N
783,66,,2013-02-25,2013-10-17,10.00,280,\N
784,68,,2013-02-25,2013-10-17,10.00,280,\N
785,67,,2013-02-25,2013-03-27,0.00,281,\N
786,65,,2013-02-25,2013-03-27,0.00,281,\N
787,69,,2013-02-25,2013-03-27,0.00,281,\N
788,66,,2013-02-25,2013-03-27,0.00,281,\N
789,68,,2013-02-25,2013-03-27,2.00,281,\N
790,64,,2013-02-25,2013-03-27,5.00,282,\N
791,64,,2013-02-25,2013-03-27,1.00,283,\N
792,67,,2013-02-26,2013-03-28,2.00,284,\N
793,65,,2013-02-26,2013-03-28,2.00,284,\N
794,69,,2013-02-26,2013-03-28,2.00,284,\N
795,66,,2013-02-26,2013-03-28,2.00,284,\N
796,68,,2013-02-26,2013-03-28,2.00,284,\N
797,64,,2013-02-26,2013-12-31,10.00,285,\N
798,35,,2013-02-27,2013-04-18,10.00,286,\N
799,33,,2013-02-27,2013-04-18,0.00,286,\N
800,52,,2013-02-27,2013-04-18,2.00,286,\N
801,51,,2013-02-27,2013-04-18,15.00,286,\N
802,34,,2013-02-27,2013-04-18,10.00,286,\N
803,67,,2013-02-28,2013-03-30,0.00,287,\N
804,65,,2013-02-28,2013-03-30,5.00,287,\N
805,69,,2013-02-28,2013-03-30,0.00,287,\N
806,66,,2013-02-28,2013-03-30,0.00,287,\N
807,68,,2013-02-28,2013-03-30,40.00,287,\N
808,58,,2013-02-28,2013-03-15,16.00,288,\N
809,59,,2013-02-28,2013-03-15,2.00,288,\N
810,58,,2013-02-28,2013-03-15,25.00,289,\N
811,59,,2013-02-28,2013-03-15,2.00,289,\N
812,14,,2013-03-04,2013-04-21,0.00,290,\N
813,18,,2013-03-04,2013-04-21,10.00,290,\N
814,16,,2013-03-04,2013-04-21,0.00,290,\N
815,19,,2013-03-04,2013-04-21,8.00,290,\N
816,13,,2013-03-04,2013-04-21,0.00,290,\N
817,70,,2013-03-04,2013-04-21,0.00,290,\N
818,20,,2013-03-04,2013-04-21,100.00,290,\N
819,15,,2013-03-04,2013-04-21,2.00,290,\N
820,71,,2013-03-04,2013-04-21,8.00,290,\N
821,71,,2013-02-19,2013-12-31,0.00,276,\N
822,64,,2013-03-05,2013-12-31,10.00,291,\N
823,71,,2013-01-01,2013-12-31,0.00,193,\N
824,71,,2013-01-01,2013-12-31,0.00,191,\N
825,64,,2013-03-06,2013-12-31,10.00,292,\N
826,67,,2013-03-07,2013-03-29,0.00,293,\N
827,65,,2013-03-07,2013-03-29,0.00,293,\N
828,69,,2013-03-07,2013-03-29,1.00,293,\N
829,66,,2013-03-07,2013-03-29,8.00,293,\N
830,68,,2013-03-07,2013-03-29,2.00,293,\N
831,67,,2013-03-07,2014-01-24,0.00,294,\N
832,65,,2013-03-07,2014-01-24,2.00,294,\N
833,69,,2013-03-07,2014-01-24,2.00,294,\N
834,66,,2013-03-07,2014-01-24,10.00,294,\N
835,68,,2013-03-07,2014-01-24,30.00,294,\N
836,64,,2013-03-07,2013-04-06,5.00,295,\N
837,14,,2013-03-07,2013-04-06,0.00,296,\N
838,18,,2013-03-07,2013-04-06,0.00,296,\N
839,16,,2013-03-07,2013-04-06,0.00,296,\N
840,19,,2013-03-07,2013-04-06,0.00,296,\N
841,13,,2013-03-07,2013-04-06,48.00,296,\N
842,70,,2013-03-07,2013-04-06,0.00,296,\N
843,20,,2013-03-07,2013-04-06,0.00,296,\N
844,71,,2013-03-07,2013-04-06,0.00,296,\N
845,15,,2013-03-07,2013-04-06,0.00,296,\N
846,71,,2013-01-01,2013-12-31,0.00,204,\N
847,64,,2013-03-11,2013-12-31,10.00,297,\N
848,35,,2013-03-11,2013-05-31,0.00,298,\N
849,33,,2013-03-11,2013-05-31,20.00,298,\N
850,52,,2013-03-11,2013-05-31,0.00,298,\N
851,51,,2013-03-11,2013-05-31,35.00,298,\N
852,34,,2013-03-11,2013-05-31,15.00,298,\N
853,35,,2013-03-13,2013-05-15,7.00,299,\N
854,33,,2013-03-13,2013-05-15,12.00,299,\N
855,52,,2013-03-13,2013-05-15,5.00,299,\N
856,51,,2013-03-13,2013-05-15,15.00,299,\N
857,34,,2013-03-13,2013-05-15,10.00,299,\N
858,64,,2013-03-14,2013-12-31,10.00,300,\N
859,62,,2013-03-14,2013-04-13,5.00,301,\N
860,63,,2013-03-14,2013-04-13,0.00,301,\N
861,14,,2013-03-14,2013-04-13,0.00,302,\N
862,18,,2013-03-14,2013-04-13,0.00,302,\N
863,16,,2013-03-14,2013-04-13,0.00,302,\N
864,19,,2013-03-14,2013-04-13,40.00,302,\N
865,13,,2013-03-14,2013-04-13,0.00,302,\N
866,70,,2013-03-14,2013-04-13,0.00,302,\N
867,20,,2013-03-14,2013-04-13,0.00,302,\N
868,71,,2013-03-14,2013-04-13,0.00,302,\N
869,15,,2013-03-14,2013-04-13,0.00,302,\N
870,35,,2013-03-18,2013-04-17,0.00,303,\N
871,33,,2013-03-18,2013-04-17,40.00,303,\N
872,52,,2013-03-18,2013-04-17,3.00,303,\N
873,51,,2013-03-18,2013-04-17,60.00,303,\N
874,34,,2013-03-18,2013-04-17,0.00,303,\N
880,62,,2013-03-19,2013-04-25,2.00,305,\N
881,63,,2013-03-19,2013-04-25,2.00,305,\N
882,64,,2013-03-20,2013-12-31,10.00,306,\N
883,64,,2013-03-20,2013-12-31,10.00,307,\N
884,64,,2013-03-21,2013-12-31,10.00,308,\N
885,67,,2013-03-22,2013-12-31,2.00,309,\N
886,65,,2013-03-22,2013-12-31,2.00,309,\N
887,69,,2013-03-22,2013-12-31,2.00,309,\N
888,66,,2013-03-22,2013-12-31,2.00,309,\N
889,68,,2013-03-22,2013-12-31,2.00,309,\N
890,71,,2013-02-05,2013-12-31,0.00,263,\N
891,71,,2013-01-01,2013-12-31,0.00,199,\N
892,35,,2013-03-22,2013-04-21,10.00,310,\N
893,33,,2013-03-22,2013-04-21,15.00,310,\N
894,52,,2013-03-22,2013-04-21,2.00,310,\N
895,51,,2013-03-22,2013-04-21,15.00,310,\N
896,34,,2013-03-22,2013-04-21,5.00,310,\N
897,67,,2013-03-01,2013-03-31,0.00,311,\N
898,65,,2013-03-01,2013-03-31,10.00,311,\N
899,69,,2013-03-01,2013-03-31,0.00,311,\N
900,66,,2013-03-01,2013-03-31,0.00,311,\N
901,68,,2013-03-01,2013-03-31,0.00,311,\N
902,64,,2013-04-02,2013-04-30,10.00,312,\N
903,64,,2013-04-02,2013-05-31,15.00,313,\N
904,67,,2013-04-01,2013-05-31,0.00,314,\N
905,65,,2013-04-01,2013-05-31,10.00,314,\N
906,69,,2013-04-01,2013-05-31,0.00,314,\N
907,66,,2013-04-01,2013-05-31,0.00,314,\N
908,68,,2013-04-01,2013-05-31,0.00,314,\N
909,35,,2013-04-04,2013-04-25,0.00,315,\N
910,33,,2013-04-04,2013-04-25,0.50,315,\N
911,52,,2013-04-04,2013-04-25,0.00,315,\N
912,51,,2013-04-04,2013-04-25,0.00,315,\N
913,34,,2013-04-04,2013-04-25,0.00,315,\N
914,64,,2013-04-08,2013-12-31,10.00,316,\N
915,35,,2013-04-08,2014-12-31,15.00,317,\N
916,33,,2013-04-08,2014-12-31,30.00,317,\N
917,52,,2013-04-08,2014-12-31,10.00,317,\N
918,51,,2013-04-08,2014-12-31,30.00,317,\N
919,34,,2013-04-08,2014-12-31,30.00,317,\N
920,67,,2013-04-09,2013-05-09,0.00,318,\N
921,65,,2013-04-09,2013-05-09,4.00,318,\N
922,69,,2013-04-09,2013-05-09,0.00,318,\N
923,66,,2013-04-09,2013-05-09,0.00,318,\N
924,68,,2013-04-09,2013-05-09,0.00,318,\N
925,67,,2013-04-10,2013-05-10,0.00,319,\N
926,65,,2013-04-10,2013-05-10,4.00,319,\N
927,69,,2013-04-10,2013-05-10,0.00,319,\N
928,66,,2013-04-10,2013-05-10,4.00,319,\N
929,68,,2013-04-10,2013-05-10,0.00,319,\N
930,71,,2013-01-01,2013-12-31,0.00,201,\N
931,71,,2013-01-01,2013-12-31,0.00,206,\N
932,64,,2013-04-25,2013-12-31,10.00,320,\N
933,62,,2013-04-29,2013-05-29,5.00,321,\N
934,63,,2013-04-29,2013-05-29,0.00,321,\N
935,35,,2013-04-29,2014-01-14,10.00,322,\N
936,33,,2013-04-29,2014-01-14,30.00,322,\N
937,52,,2013-04-29,2014-01-14,20.00,322,\N
938,51,,2013-04-29,2014-01-14,30.00,322,\N
939,34,,2013-04-29,2014-01-14,15.00,322,\N
940,64,,2013-05-03,2013-12-31,10.00,323,\N
941,67,,2013-05-03,2013-06-02,0.00,324,\N
942,65,,2013-05-03,2013-06-02,0.00,324,\N
943,69,,2013-05-03,2013-06-02,0.00,324,\N
944,66,,2013-05-03,2013-06-02,0.00,324,\N
945,68,,2013-05-03,2013-06-02,8.00,324,\N
946,64,,2013-05-03,2013-06-02,10.00,325,\N
947,64,,2013-05-03,2013-12-31,10.00,326,\N
948,60,,2013-05-03,2013-06-02,4.00,327,\N
949,61,,2013-05-03,2013-06-02,0.00,327,\N
950,64,,2013-05-06,2013-12-31,10.00,328,\N
951,67,,2013-05-10,2013-06-09,0.00,329,\N
952,65,,2013-05-10,2013-06-09,0.00,329,\N
953,69,,2013-05-10,2013-06-09,0.00,329,\N
954,66,,2013-05-10,2013-06-09,0.00,329,\N
955,68,,2013-05-10,2013-06-09,15.00,329,\N
956,64,,2013-05-10,2013-12-31,10.00,330,\N
957,67,,2013-05-14,2013-06-13,0.00,331,\N
958,65,,2013-05-14,2013-06-13,10.00,331,\N
959,69,,2013-05-14,2013-06-13,0.00,331,\N
960,66,,2013-05-14,2013-06-13,0.00,331,\N
961,68,,2013-05-14,2013-06-13,0.00,331,\N
962,62,,2013-05-15,2013-06-14,10.00,332,\N
963,63,,2013-05-15,2013-06-14,2.00,332,\N
964,64,,2013-05-16,2013-12-31,10.00,333,\N
965,67,,2013-05-16,2013-10-01,0.00,334,\N
966,65,,2013-05-16,2013-10-01,5.00,334,\N
967,69,,2013-05-16,2013-10-01,0.00,334,\N
968,66,,2013-05-16,2013-10-01,35.00,334,\N
969,68,,2013-05-16,2013-10-01,0.00,334,\N
970,64,,2013-05-16,2014-12-31,20.00,335,\N
971,35,,2013-05-20,2013-06-19,0.00,336,\N
972,33,,2013-05-20,2013-06-19,7.00,336,\N
973,52,,2013-05-20,2013-06-19,0.00,336,\N
974,51,,2013-05-20,2013-06-19,0.00,336,\N
975,34,,2013-05-20,2013-06-19,0.00,336,\N
981,67,,2013-05-24,2013-06-23,0.00,338,\N
982,65,,2013-05-24,2013-06-23,0.00,338,\N
983,69,,2013-05-24,2013-06-23,0.00,338,\N
984,66,,2013-05-24,2013-06-23,3.00,338,\N
985,68,,2013-05-24,2013-06-23,0.00,338,\N
986,58,,2013-05-29,2014-06-30,20.00,339,\N
987,59,,2013-05-29,2014-06-30,2.00,339,\N
993,35,,2013-05-31,2014-04-11,10.00,341,\N
994,33,,2013-05-31,2014-04-11,15.00,341,\N
995,52,,2013-05-31,2014-04-11,5.00,341,\N
996,51,,2013-05-31,2014-04-11,15.00,341,\N
997,34,,2013-05-31,2014-04-11,10.00,341,\N
998,35,,2013-05-31,2013-06-30,15.00,342,\N
999,33,,2013-05-31,2013-06-30,14.00,342,\N
1000,52,,2013-05-31,2013-06-30,5.00,342,\N
1001,51,,2013-05-31,2013-06-30,10.00,342,\N
1002,34,,2013-05-31,2013-06-30,10.00,342,\N
1003,67,,2013-06-03,2013-07-15,0.00,343,\N
1004,65,,2013-06-03,2013-07-15,60.00,343,\N
1005,69,,2013-06-03,2013-07-15,60.00,343,\N
1006,66,,2013-06-03,2013-07-15,15.00,343,\N
1007,68,,2013-06-03,2013-07-15,15.00,343,\N
1008,67,,2013-06-03,2013-06-13,0.00,344,\N
1009,65,,2013-06-03,2013-06-13,0.00,344,\N
1010,69,,2013-06-03,2013-06-13,0.00,344,\N
1011,66,,2013-06-03,2013-06-13,0.00,344,\N
1012,68,,2013-06-03,2013-06-13,2.00,344,\N
1013,64,,2013-06-04,2013-07-04,10.00,345,\N
1014,67,,2013-06-04,2013-06-13,2.00,346,\N
1015,65,,2013-06-04,2013-06-13,2.00,346,\N
1016,69,,2013-06-04,2013-06-13,2.00,346,\N
1017,66,,2013-06-04,2013-06-13,8.00,346,\N
1018,68,,2013-06-04,2013-06-13,8.00,346,\N
1019,64,,2013-06-05,2013-12-31,10.00,347,\N
1020,14,,2013-01-01,2013-12-31,0.00,198,\N
1021,18,,2013-01-01,2013-12-31,0.00,198,\N
1022,74,,2013-01-01,2013-12-31,16.00,198,\N
1023,13,,2013-01-01,2013-12-31,0.00,198,\N
1024,70,,2013-01-01,2013-12-31,0.00,198,\N
1025,19,,2013-01-01,2013-12-31,0.00,198,\N
1026,73,,2013-01-01,2013-12-31,24.00,198,\N
1027,71,,2013-01-01,2013-12-31,0.00,198,\N
1028,15,,2013-01-01,2013-12-31,0.00,198,\N
1029,40,,2013-01-01,2013-12-31,0.00,189,\N
1030,39,,2013-01-01,2013-12-31,0.00,189,\N
1031,37,,2013-01-01,2013-12-31,0.00,189,\N
1032,76,,2013-01-01,2013-12-31,12.00,189,\N
1033,38,,2013-01-01,2013-12-31,0.00,189,\N
1034,41,,2013-01-01,2013-12-31,0.00,189,\N
1035,75,,2013-01-01,2013-12-31,24.00,189,\N
1036,42,,2013-01-01,2013-12-31,0.00,189,\N
1037,46,,2013-01-01,2013-12-31,0.00,190,\N
1038,45,,2013-01-01,2013-12-31,0.00,190,\N
1039,2,,2013-01-01,2013-12-31,0.00,190,\N
1040,78,,2013-01-01,2013-12-31,12.00,190,\N
1041,43,,2013-01-01,2013-12-31,0.00,190,\N
1042,47,,2013-01-01,2013-12-31,0.00,190,\N
1043,77,,2013-01-01,2013-12-31,24.00,190,\N
1044,48,,2013-01-01,2013-12-31,0.00,190,\N
1045,35,,2013-06-12,2013-07-12,0.00,348,\N
1046,33,,2013-06-12,2013-07-12,10.00,348,\N
1047,52,,2013-06-12,2013-07-12,0.00,348,\N
1048,51,,2013-06-12,2013-07-12,15.00,348,\N
1049,34,,2013-06-12,2013-07-12,0.00,348,\N
1050,62,,2013-06-12,2013-07-12,4.00,349,\N
1051,63,,2013-06-12,2013-07-12,2.00,349,\N
1052,62,,2013-06-13,2013-07-13,10.00,350,\N
1053,63,,2013-06-13,2013-07-13,2.00,350,\N
1054,58,,2013-06-13,2014-01-31,40.00,351,\N
1055,59,,2013-06-13,2014-01-31,20.00,351,\N
1056,67,,2013-06-14,2013-11-30,0.00,352,\N
1057,65,,2013-06-14,2013-11-30,0.00,352,\N
1058,69,,2013-06-14,2013-11-30,0.00,352,\N
1059,66,,2013-06-14,2013-11-30,0.00,352,\N
1060,68,,2013-06-14,2013-11-30,12.00,352,\N
1061,74,,2013-01-01,2013-12-31,0.00,203,\N
1062,73,,2013-01-01,2013-12-31,0.00,203,\N
1063,71,,2013-01-01,2013-12-31,0.00,203,\N
1064,55,,2013-06-25,2013-10-11,10.00,353,\N
1065,53,,2013-06-25,2013-10-11,15.00,353,\N
1066,57,,2013-06-25,2013-10-11,5.00,353,\N
1067,54,,2013-06-25,2013-10-11,25.00,353,\N
1068,56,,2013-06-25,2013-10-11,20.00,353,\N
1069,62,,2013-06-25,2013-07-25,2.00,354,\N
1070,63,,2013-06-25,2013-07-25,0.00,354,\N
1073,74,,2013-01-01,2013-12-31,0.00,195,\N
1074,73,,2013-01-01,2013-12-31,0.00,195,\N
1075,71,,2013-01-01,2013-12-31,0.00,195,\N
1076,67,,2013-06-25,2013-07-25,2.00,356,\N
1077,65,,2013-06-25,2013-07-25,2.00,356,\N
1078,69,,2013-06-25,2013-07-25,2.00,356,\N
1079,66,,2013-06-25,2013-07-25,2.00,356,\N
1080,68,,2013-06-25,2013-07-25,2.00,356,\N
1081,35,,2013-06-26,2014-03-31,10.00,357,\N
1082,33,,2013-06-26,2014-03-31,25.00,357,\N
1083,52,,2013-06-26,2014-03-31,2.00,357,\N
1084,51,,2013-06-26,2014-03-31,10.00,357,\N
1085,34,,2013-06-26,2014-03-31,0.00,357,\N
1086,14,,2013-06-27,2013-07-11,14.00,358,\N
1087,18,,2013-06-27,2013-07-11,0.00,358,\N
1088,16,,2013-06-27,2013-07-11,0.00,358,\N
1089,19,,2013-06-27,2013-07-11,16.00,358,\N
1090,74,,2013-06-27,2013-07-11,0.00,358,\N
1091,13,,2013-06-27,2013-07-11,0.00,358,\N
1092,73,,2013-06-27,2013-07-11,0.00,358,\N
1093,70,,2013-06-27,2013-07-11,8.00,358,\N
1094,20,,2013-06-27,2013-07-11,40.00,358,\N
1095,71,,2013-06-27,2013-07-11,0.00,358,\N
1096,15,,2013-06-27,2013-07-11,2.00,358,\N
1097,67,,2013-06-28,2014-01-17,0.00,359,\N
1098,65,,2013-06-28,2014-01-17,0.00,359,\N
1099,69,,2013-06-28,2014-01-17,5.00,359,\N
1100,66,,2013-06-28,2014-01-17,20.00,359,\N
1101,68,,2013-06-28,2014-01-17,10.00,359,\N
1102,67,,2013-07-01,2013-07-31,2.00,360,\N
1103,65,,2013-07-01,2013-07-31,2.00,360,\N
1104,69,,2013-07-01,2013-07-31,2.00,360,\N
1105,66,,2013-07-01,2013-07-31,2.00,360,\N
1106,68,,2013-07-01,2013-07-31,2.00,360,\N
1107,64,,2013-07-01,2013-12-31,15.00,361,\N
1108,81,,2013-07-04,2013-08-03,20.00,362,\N
1109,80,,2013-07-04,2013-08-03,20.00,362,\N
1110,79,,2013-07-04,2013-08-03,40.00,362,\N
1118,35,,2013-07-05,2013-09-09,2.00,365,\N
1119,33,,2013-07-05,2013-09-09,14.00,365,\N
1120,52,,2013-07-05,2013-09-09,2.00,365,\N
1121,51,,2013-07-05,2013-09-09,12.00,365,\N
1122,34,,2013-07-05,2013-09-09,5.00,365,\N
1123,64,,2013-07-08,2013-08-07,10.00,366,\N
1124,14,,2013-07-08,2013-08-25,0.00,367,\N
1125,18,,2013-07-08,2013-08-25,0.00,367,\N
1126,16,,2013-07-08,2013-08-25,0.00,367,\N
1127,19,,2013-07-08,2013-08-25,0.00,367,\N
1128,74,,2013-07-08,2013-08-25,0.00,367,\N
1129,13,,2013-07-08,2013-08-25,2.00,367,\N
1130,73,,2013-07-08,2013-08-25,0.00,367,\N
1131,70,,2013-07-08,2013-08-25,0.00,367,\N
1132,20,,2013-07-08,2013-08-25,40.00,367,\N
1133,71,,2013-07-08,2013-08-25,0.00,367,\N
1134,15,,2013-07-08,2013-08-25,4.00,367,\N
1135,64,,2013-07-09,2013-08-08,10.00,368,\N
1136,64,,2013-07-11,2013-12-31,10.00,369,\N
1137,64,,2013-07-15,2013-12-31,10.00,370,\N
1138,64,,2013-07-15,2013-12-31,10.00,371,\N
1139,67,,2013-07-15,2013-08-14,2.00,372,\N
1140,65,,2013-07-15,2013-08-14,2.00,372,\N
1141,69,,2013-07-15,2013-08-14,2.00,372,\N
1142,66,,2013-07-15,2013-08-14,2.00,372,\N
1143,68,,2013-07-15,2013-08-14,2.00,372,\N
1144,35,,2013-07-04,2013-10-08,15.00,363,\N
1145,33,,2013-07-04,2013-10-08,15.00,363,\N
1146,52,,2013-07-04,2013-10-08,15.00,363,\N
1147,51,,2013-07-04,2013-10-08,15.00,363,\N
1148,34,,2013-07-04,2013-10-08,15.00,363,\N
1149,55,,2013-07-22,2013-08-21,0.00,373,\N
1150,53,,2013-07-22,2013-08-21,15.00,373,\N
1151,57,,2013-07-22,2013-08-21,5.00,373,\N
1152,54,,2013-07-22,2013-08-21,15.00,373,\N
1153,56,,2013-07-22,2013-08-21,5.00,373,\N
1156,67,,2013-07-22,2013-09-15,0.00,374,\N
1157,65,,2013-07-22,2013-09-15,23.00,374,\N
1158,69,,2013-07-22,2013-09-15,5.00,374,\N
1159,66,,2013-07-22,2013-09-15,12.00,374,\N
1160,68,,2013-07-22,2013-09-15,0.00,374,\N
1161,67,,2013-07-22,2013-09-15,0.00,375,\N
1162,65,,2013-07-22,2013-09-15,3.00,375,\N
1163,69,,2013-07-22,2013-09-15,0.00,375,\N
1164,66,,2013-07-22,2013-09-15,22.00,375,\N
1165,68,,2013-07-22,2013-09-15,0.00,375,\N
1166,35,,2013-07-22,2013-11-22,2.00,376,\N
1167,33,,2013-07-22,2013-11-22,8.00,376,\N
1168,52,,2013-07-22,2013-11-22,5.00,376,\N
1169,51,,2013-07-22,2013-11-22,8.00,376,\N
1170,34,,2013-07-22,2013-11-22,35.00,376,\N
1182,67,,2013-07-26,2013-08-25,0.00,378,\N
1183,65,,2013-07-26,2013-08-25,4.00,378,\N
1184,69,,2013-07-26,2013-08-25,0.00,378,\N
1185,66,,2013-07-26,2013-08-25,0.50,378,\N
1186,68,,2013-07-26,2013-08-25,0.00,378,\N
1187,67,,2013-07-26,2013-08-25,0.00,379,\N
1188,65,,2013-07-26,2013-08-25,8.00,379,\N
1189,69,,2013-07-26,2013-08-25,0.00,379,\N
1190,66,,2013-07-26,2013-08-25,0.00,379,\N
1191,68,,2013-07-26,2013-08-25,8.00,379,\N
1192,67,,2013-07-29,2013-08-28,0.00,380,\N
1193,65,,2013-07-29,2013-08-28,4.00,380,\N
1194,69,,2013-07-29,2013-08-28,0.00,380,\N
1195,66,,2013-07-29,2013-08-28,0.00,380,\N
1196,68,,2013-07-29,2013-08-28,0.00,380,\N
1197,14,,2013-01-01,2013-12-31,0.00,184,\N
1198,18,,2013-01-01,2013-12-31,0.00,184,\N
1199,16,,2013-01-01,2013-12-31,0.00,184,\N
1200,74,,2013-01-01,2013-12-31,0.00,184,\N
1201,13,,2013-01-01,2013-12-31,10.00,184,\N
1202,70,,2013-01-01,2013-12-31,0.00,184,\N
1203,19,,2013-01-01,2013-12-31,0.00,184,\N
1204,73,,2013-01-01,2013-12-31,0.00,184,\N
1205,71,,2013-01-01,2013-12-31,0.00,184,\N
1206,15,,2013-01-01,2013-12-31,0.00,184,\N
1207,67,,2013-08-07,2013-10-11,0.00,381,\N
1208,65,,2013-08-07,2013-10-11,0.00,381,\N
1209,69,,2013-08-07,2013-10-11,0.00,381,\N
1210,66,,2013-08-07,2013-10-11,5.00,381,\N
1211,68,,2013-08-07,2013-10-11,25.00,381,\N
1212,67,,2013-08-07,2014-01-13,25.00,382,\N
1213,65,,2013-08-07,2014-01-13,10.00,382,\N
1214,69,,2013-08-07,2014-01-13,5.00,382,\N
1215,66,,2013-08-07,2014-01-13,15.00,382,\N
1216,68,,2013-08-07,2014-01-13,15.00,382,\N
1217,67,,2013-08-07,2013-10-11,0.00,383,\N
1218,65,,2013-08-07,2013-10-11,0.00,383,\N
1219,69,,2013-08-07,2013-10-11,5.00,383,\N
1220,66,,2013-08-07,2013-10-11,0.00,383,\N
1221,68,,2013-08-07,2013-10-11,85.00,383,\N
1222,35,,2013-08-09,2013-12-31,15.00,384,\N
1223,33,,2013-08-09,2013-12-31,15.00,384,\N
1224,52,,2013-08-09,2013-12-31,15.00,384,\N
1225,51,,2013-08-09,2013-12-31,15.00,384,\N
1226,34,,2013-08-09,2013-12-31,15.00,384,\N
1227,60,,2013-08-20,2013-09-07,20.00,385,\N
1228,61,,2013-08-20,2013-09-07,5.00,385,\N
1229,55,,2013-08-20,2014-12-05,10.00,386,\N
1230,53,,2013-08-20,2014-12-05,40.00,386,\N
1231,57,,2013-08-20,2014-12-05,20.00,386,\N
1232,54,,2013-08-20,2014-12-05,50.00,386,\N
1233,56,,2013-08-20,2014-12-05,100.00,386,\N
1234,67,,2013-08-21,2013-11-15,15.00,387,\N
1235,65,,2013-08-21,2013-11-15,10.00,387,\N
1236,69,,2013-08-21,2013-11-15,2.00,387,\N
1237,66,,2013-08-21,2013-11-15,5.00,387,\N
1238,68,,2013-08-21,2013-11-15,2.00,387,\N
1239,35,,2013-08-23,2013-10-16,15.00,388,\N
1240,33,,2013-08-23,2013-10-16,15.00,388,\N
1241,52,,2013-08-23,2013-10-16,10.00,388,\N
1242,51,,2013-08-23,2013-10-16,20.00,388,\N
1243,34,,2013-08-23,2013-10-16,30.00,388,\N
1244,67,,2013-08-27,2014-01-10,2.00,389,\N
1245,65,,2013-08-27,2014-01-10,2.00,389,\N
1246,69,,2013-08-27,2014-01-10,2.00,389,\N
1247,66,,2013-08-27,2014-01-10,2.00,389,\N
1248,68,,2013-08-27,2014-01-10,2.00,389,\N
1249,64,,2013-09-01,2013-12-31,48.00,390,\N
1250,67,,2013-08-27,2013-09-26,2.00,391,\N
1251,65,,2013-08-27,2013-09-26,2.00,391,\N
1252,69,,2013-08-27,2013-09-26,2.00,391,\N
1253,66,,2013-08-27,2013-09-26,2.00,391,\N
1254,68,,2013-08-27,2013-09-26,2.00,391,\N
1255,60,,2013-08-27,2014-08-01,30.00,392,\N
1256,61,,2013-08-27,2014-08-01,0.00,392,\N
1267,35,,2013-08-29,2016-02-19,10.00,395,\N
1268,33,,2013-08-29,2016-02-19,25.00,395,\N
1269,52,,2013-08-29,2016-02-19,5.00,395,\N
1270,51,,2013-08-29,2016-02-19,20.00,395,\N
1271,34,,2013-08-29,2016-02-19,10.00,395,\N
1272,35,,2013-08-30,2013-11-08,6.00,396,\N
1273,33,,2013-08-30,2013-11-08,12.00,396,\N
1274,52,,2013-08-30,2013-11-08,5.00,396,\N
1275,51,,2013-08-30,2013-11-08,12.00,396,\N
1276,34,,2013-08-30,2013-11-08,10.00,396,\N
1277,64,,2013-09-09,2013-10-09,10.00,397,\N
1278,64,,2013-09-09,2014-12-31,20.00,398,\N
1279,64,,2013-09-01,2013-12-31,20.00,399,\N
1280,64,,2013-09-16,2013-12-31,20.00,400,\N
1281,35,,2013-09-16,2013-10-18,8.00,401,\N
1282,33,,2013-09-16,2013-10-18,35.00,401,\N
1283,52,,2013-09-16,2013-10-18,5.00,401,\N
1284,51,,2013-09-16,2013-10-18,20.00,401,\N
1285,34,,2013-09-16,2013-10-18,5.00,401,\N
1286,35,,2013-09-18,2014-01-30,8.00,402,\N
1287,33,,2013-09-18,2014-01-30,12.00,402,\N
1288,52,,2013-09-18,2014-01-30,5.00,402,\N
1289,51,,2013-09-18,2014-01-30,8.00,402,\N
1290,34,,2013-09-18,2014-01-30,3.00,402,\N
1291,35,,2013-09-19,2013-10-03,0.00,403,\N
1292,33,,2013-09-19,2013-10-03,4.00,403,\N
1293,52,,2013-09-19,2013-10-03,1.00,403,\N
1294,51,,2013-09-19,2013-10-03,6.00,403,\N
1295,34,,2013-09-19,2013-10-03,10.00,403,\N
1296,67,,2013-09-20,2013-10-07,0.00,404,\N
1297,65,,2013-09-20,2013-10-07,8.00,404,\N
1298,69,,2013-09-20,2013-10-07,0.00,404,\N
1299,66,,2013-09-20,2013-10-07,6.00,404,\N
1300,68,,2013-09-20,2013-10-07,2.00,404,\N
1301,64,,2013-09-20,2013-12-31,20.00,405,\N
1302,67,,2013-09-22,2013-10-22,0.00,406,\N
1303,65,,2013-09-22,2013-10-22,1.50,406,\N
1304,69,,2013-09-22,2013-10-22,0.00,406,\N
1305,66,,2013-09-22,2013-10-22,0.00,406,\N
1306,68,,2013-09-22,2013-10-22,0.00,406,\N
1307,67,,2013-09-22,2013-10-01,0.00,407,\N
1308,65,,2013-09-22,2013-10-01,10.00,407,\N
1309,69,,2013-09-22,2013-10-01,0.00,407,\N
1310,66,,2013-09-22,2013-10-01,0.00,407,\N
1311,68,,2013-09-22,2013-10-01,0.00,407,\N
1312,74,,2013-03-04,2013-04-21,0.00,290,\N
1313,73,,2013-03-04,2013-04-21,0.00,290,\N
1314,67,,2013-09-24,2013-10-03,0.00,408,\N
1315,65,,2013-09-24,2013-10-03,1.00,408,\N
1316,69,,2013-09-24,2013-10-03,0.00,408,\N
1317,66,,2013-09-24,2013-10-03,2.00,408,\N
1318,68,,2013-09-24,2013-10-03,1.00,408,\N
1319,67,,2013-09-24,2013-10-18,2.00,409,\N
1320,65,,2013-09-24,2013-10-18,0.00,409,\N
1321,69,,2013-09-24,2013-10-18,0.00,409,\N
1322,66,,2013-09-24,2013-10-18,2.00,409,\N
1323,68,,2013-09-24,2013-10-18,4.00,409,\N
1324,62,,2013-09-24,2013-10-01,8.00,410,\N
1325,63,,2013-09-24,2013-10-01,0.00,410,\N
1337,35,,2013-09-25,2014-09-19,8.00,412,\N
1338,33,,2013-09-25,2014-09-19,12.00,412,\N
1339,52,,2013-09-25,2014-09-19,4.00,412,\N
1340,51,,2013-09-25,2014-09-19,10.00,412,\N
1341,34,,2013-09-25,2014-09-19,10.00,412,\N
1342,67,,2013-09-25,2013-10-25,2.00,413,\N
1343,65,,2013-09-25,2013-10-25,8.00,413,\N
1344,69,,2013-09-25,2013-10-25,2.00,413,\N
1345,66,,2013-09-25,2013-10-25,8.00,413,\N
1346,68,,2013-09-25,2013-10-25,16.00,413,\N
1347,35,,2013-09-26,2013-11-30,12.00,414,\N
1348,33,,2013-09-26,2013-11-30,12.00,414,\N
1349,52,,2013-09-26,2013-11-30,2.00,414,\N
1350,51,,2013-09-26,2013-11-30,15.00,414,\N
1351,34,,2013-09-26,2013-11-30,20.00,414,\N
1367,64,,2013-09-01,2013-12-31,30.00,418,\N
1368,64,,2013-09-01,2013-12-31,30.00,419,\N
1369,64,,2013-09-01,2013-12-31,12.00,420,\N
1370,64,,2013-09-01,2013-12-31,56.00,421,\N
1371,64,,2013-09-01,2013-12-31,40.00,422,\N
1372,64,,2013-09-01,2013-12-31,25.00,423,\N
1373,67,,2013-09-27,2013-10-03,2.00,424,\N
1374,65,,2013-09-27,2013-10-03,0.00,424,\N
1375,69,,2013-09-27,2013-10-03,0.00,424,\N
1376,66,,2013-09-27,2013-10-03,0.00,424,\N
1377,68,,2013-09-27,2013-10-03,0.00,424,\N
1378,64,,2013-10-01,2013-12-31,225.00,425,\N
1379,64,,2013-09-01,2013-12-31,12.00,426,\N
1381,67,,2013-09-01,2013-12-31,0.00,428,\N
1382,65,,2013-09-01,2013-12-31,0.00,428,\N
1383,69,,2013-09-01,2013-12-31,2.00,428,\N
1384,66,,2013-09-01,2013-12-31,0.00,428,\N
1385,68,,2013-09-01,2013-12-31,10.00,428,\N
1386,67,,2013-09-01,2013-12-31,0.00,427,\N
1387,65,,2013-09-01,2013-12-31,0.00,427,\N
1388,69,,2013-09-01,2013-12-31,0.00,427,\N
1389,66,,2013-09-01,2013-12-31,0.00,427,\N
1390,68,,2013-09-01,2013-12-31,12.00,427,\N
1391,64,,2013-09-01,2013-12-31,16.00,429,\N
1392,67,,2013-09-23,2013-09-27,0.00,430,\N
1393,65,,2013-09-23,2013-09-27,0.00,430,\N
1394,69,,2013-09-23,2013-09-27,0.00,430,\N
1395,66,,2013-09-23,2013-09-27,0.00,430,\N
1396,68,,2013-09-23,2013-09-27,4.00,430,\N
1397,64,,2013-09-01,2013-12-31,20.00,431,\N
1398,64,,2013-09-01,2013-12-31,48.00,432,\N
1399,64,,2013-09-01,2013-12-31,48.00,433,\N
1400,64,,2013-06-01,2014-05-31,40.00,434,\N
1401,64,,2013-09-30,2013-12-31,10.00,435,\N
1402,62,,2013-09-30,2013-10-30,2.00,436,\N
1403,63,,2013-09-30,2013-10-30,0.00,436,\N
1404,64,,2013-09-30,2013-12-31,10.00,437,\N
1405,35,,2013-09-30,2013-10-11,4.00,438,\N
1406,33,,2013-09-30,2013-10-11,10.00,438,\N
1407,52,,2013-09-30,2013-10-11,0.00,438,\N
1408,51,,2013-09-30,2013-10-11,4.00,438,\N
1409,34,,2013-09-30,2013-10-11,2.00,438,\N
1410,64,,2013-09-30,2013-10-30,10.00,439,\N
1412,64,,2013-09-01,2013-12-31,10.00,441,\N
1413,35,,2013-10-01,2014-10-12,5.00,442,\N
1414,33,,2013-10-01,2014-10-12,10.00,442,\N
1415,52,,2013-10-01,2014-10-12,2.00,442,\N
1416,51,,2013-10-01,2014-10-12,12.00,442,\N
1417,34,,2013-10-01,2014-10-12,10.00,442,\N
1433,67,,2013-10-01,2013-11-07,0.00,446,\N
1434,65,,2013-10-01,2013-11-07,0.00,446,\N
1435,69,,2013-10-01,2013-11-07,5.00,446,\N
1436,66,,2013-10-01,2013-11-07,0.00,446,\N
1437,68,,2013-10-01,2013-11-07,20.00,446,\N
1438,64,,2013-10-01,2014-12-31,20.00,447,\N
1439,67,,2013-10-01,2013-10-31,0.00,448,\N
1440,65,,2013-10-01,2013-10-31,0.00,448,\N
1441,69,,2013-10-01,2013-10-31,0.00,448,\N
1442,66,,2013-10-01,2013-10-31,0.00,448,\N
1443,68,,2013-10-01,2013-10-31,10.00,448,\N
1444,62,,2013-10-01,2013-10-09,10.00,449,\N
1445,63,,2013-10-01,2013-10-09,0.00,449,\N
1446,64,,2013-09-01,2013-12-31,12.00,450,\N
1447,35,,2013-10-03,2014-12-31,0.00,451,\N
1448,33,,2013-10-03,2014-12-31,10.00,451,\N
1449,52,,2013-10-03,2014-12-31,0.00,451,\N
1450,51,,2013-10-03,2014-12-31,10.00,451,\N
1451,34,,2013-10-03,2014-12-31,5.00,451,\N
1452,35,,2013-10-04,2014-06-20,5.00,452,\N
1453,33,,2013-10-04,2014-06-20,8.00,452,\N
1454,52,,2013-10-04,2014-06-20,1.00,452,\N
1455,51,,2013-10-04,2014-06-20,8.00,452,\N
1456,34,,2013-10-04,2014-06-20,10.00,452,\N
1457,35,,2013-10-07,2013-11-08,1.00,453,\N
1458,33,,2013-10-07,2013-11-08,20.00,453,\N
1459,52,,2013-10-07,2013-11-08,1.00,453,\N
1460,51,,2013-10-07,2013-11-08,15.00,453,\N
1461,34,,2013-10-07,2013-11-08,10.00,453,\N
1462,35,,2013-10-07,2014-01-10,5.00,454,\N
1463,33,,2013-10-07,2014-01-10,20.00,454,\N
1464,52,,2013-10-07,2014-01-10,1.00,454,\N
1465,51,,2013-10-07,2014-01-10,15.00,454,\N
1466,34,,2013-10-07,2014-01-10,10.00,454,\N
1467,64,,2013-09-01,2013-12-31,10.00,455,\N
1468,35,,2013-10-08,2014-06-06,25.00,456,\N
1469,33,,2013-10-08,2014-06-06,15.00,456,\N
1470,52,,2013-10-08,2014-06-06,15.00,456,\N
1471,51,,2013-10-08,2014-06-06,25.00,456,\N
1472,34,,2013-10-08,2014-06-06,10.00,456,\N
1473,35,,2013-10-09,2014-01-31,30.00,457,\N
1474,33,,2013-10-09,2014-01-31,8.00,457,\N
1475,52,,2013-10-09,2014-01-31,4.00,457,\N
1476,51,,2013-10-09,2014-01-31,10.00,457,\N
1477,34,,2013-10-09,2014-01-31,8.00,457,\N
1478,64,,2013-10-15,2013-10-31,10.00,458,\N
1479,64,,2013-10-16,2014-12-31,10.00,459,\N
1480,64,,2013-10-17,2013-12-31,10.00,460,\N
1481,62,,2013-10-14,2013-10-22,10.00,461,\N
1482,63,,2013-10-14,2013-10-22,2.00,461,\N
1483,64,,2013-10-18,2013-12-31,10.00,462,\N
1484,35,,2013-10-21,2013-11-30,10.00,463,\N
1485,33,,2013-10-21,2013-11-30,14.00,463,\N
1486,52,,2013-10-21,2013-11-30,0.00,463,\N
1487,51,,2013-10-21,2013-11-30,10.00,463,\N
1488,34,,2013-10-21,2013-11-30,15.00,463,\N
1489,35,,2013-10-22,2014-04-11,10.00,464,\N
1490,33,,2013-10-22,2014-04-11,15.00,464,\N
1491,52,,2013-10-22,2014-04-11,15.00,464,\N
1492,51,,2013-10-22,2014-04-11,15.00,464,\N
1493,34,,2013-10-22,2014-04-11,10.00,464,\N
1494,35,,2013-10-22,2014-05-30,15.00,465,\N
